,_GFP.tif_fluor,_RFP.tif_fluor
0,46.29724027941424,53.925545727608956
1,0.15750021305974898,5.76522986200084
2,58.96946372559691,142.5850782699934
3,7.815891661838948,0.0
4,9.428350863164114,0.0
5,0.19691287382541683,0.5505738106959707
6,0.28220668548241556,55.2879902640771
7,0.3896137075690066,33.12558922352921
8,33.83712313735215,13.597819254164174
9,43.95203653385408,46.17870143711139
10,0.3474933067507356,7.024780276470065
11,0.3387683665812366,20.60770696034492
12,0.2686679852193999,18.79577757514466
13,0.5805093812775276,5.838338843421125
14,0.22669801440405132,16.953611759356992
15,0.32447751630360894,65.42937934109338
16,0.33169815644388395,15.912485709131087
17,0.43158367838435513,14.596975333574731
18,11.596799355290457,0.0
19,25.376338052984888,3.3381921948508975
20,0.744628514465862,42.408624703870295
21,18.97102852854925,0.004512900087671891
22,0.4297785183492864,15.158831394489882
23,0.3298929964088152,11.399585621459195
24,0.378782747358594,7.479229315298625
25,0.06423361124786324,0.05866770113973458
26,0.27904765542104526,31.392635589863207
27,6.0530024575913846,0.0
28,0.31590300613703237,30.967520401604514
29,4.982692986798535,0.0
30,0.19134696371728818,11.627487075886627
31,0.31740730616625634,13.739524316917072
32,0.3647927570868112,16.815968306683
33,8.1681987286832,0.0
34,25.45892412458928,2.7122529526908066
35,6.784844421808843,0.0
36,0.602321731701275,58.479061916069895
37,0.41413379804535716,14.784260687213115
38,13.36721005968414,0.0
39,0.3847999474754899,15.105127883446587
40,0.22128253429884504,17.34578277697568
41,9.05453230590196,0.0
42,0.272880025301227,14.948530250404371
43,7.447187724676154,0.0
44,0.4894992295094778,20.593265680064373
45,24.715799910152644,4.05393814875566
46,8.058685686555695,0.0
47,0.24881122483364357,29.56807008441746
48,0.17540138340751416,5.560344198020537
49,0.2575361650031426,29.843356989765446
50,0.3670492071306471,3.257862573290338
51,26.46304439409628,7.031549626601573
52,8.434008543847074,0.0
53,8.026644095933225,0.0
54,0.29920527581264633,14.975156360921636
55,6.638325598962429,0.0
56,8.118556827718809,0.0
57,22.993827666699975,2.214931363029364
58,9.434969783292699,0.0
59,5.325974253467443,0.0
60,5.237972701757841,0.0
61,0.4580593588986969,17.08268070186441
62,0.612550971899998,26.745702369587462
63,21.791741513347105,0.11733540227946916
64,9.511087364771432,0.0
65,8.787669480717629,0.0
66,0.23301607452679196,6.247207591364198
67,0.20187706392185592,0.1353870026301567
68,0.4302298083580536,29.55362880413691
69,6.370560193760563,0.0
70,0.3596781369874497,29.877203740422985
71,8.166995288659821,0.0
72,0.4418129185830781,36.682657072632196
73,0.79096095536596,21.27742133335543
74,0.3592268469786825,7.262610111090374
75,0.45700634887824015,1.6711269024649011
76,0.32056633622762665,19.90956131678208
77,0.47340321919678136,28.615848165918692
78,9.025800175343782,0.0
79,6.175302049967293,0.0
80,9.76456191969567,0.0
81,5.688961850519186,0.0
82,4.360664924714426,0.0
83,0.5423001605352389,90.14924086132493
84,21.21258600209588,0.5510251007047379
85,0.5459104806053764,31.593910933773373
86,9.064310256091915,0.0
87,7.482839635368762,0.0
88,0.1395990427119838,16.561440741738306
89,55.490920338019414,47.751447117665045
90,0.4879949294802538,36.944856567725935
91,7.352868112843812,0.0
92,0.6229306421016433,39.41927968579643
93,0.38374693745503313,43.42041690352633
94,9.28619451040245,0.0
95,8.658600538210212,0.0
96,0.12967066251910567,6.498576126247523
97,0.2193269442608539,30.13218259537645
98,0.48588890943934027,69.0794129320024
99,0.5110107199273805,0.0
100,6.283912512077263,0.0
101,0.2900290456343802,1.6083975912462618
102,15.79153998678148,0.0
103,0.182170733539022,23.024816247301988
104,16.000186400834846,0.0
105,12.149629616030264,0.0
106,27.82232990050305,0.07220640140275025
107,0.15012914291655158,0.18051600350687563
108,15.550701552102725,0.0
109,18.235877104267498,0.05866770113973458
110,6.542501687100862,0.0
111,30.469597091931384,1.1923082031629135
112,5.949957905589543,0.0
113,9.4840099642454,0.0
114,7.865683992806261,0.0
115,0.3584746969640705,6.392071684178466
116,0.5271067302400768,24.199975430131747
117,0.29860355580095677,0.0
118,6.0116342067877255,0.0
119,0.44406936862691404,0.0
120,0.4712971991558678,50.7064940950726
121,28.322660090222943,6.841105242901819
122,4.43813637621946,0.0
123,5.419692145288096,0.0
124,0.5960036715785344,4.805787303361797
125,5.32326651341484,0.0
126,8.04770429634236,0.0
127,7.4855473754213655,0.0
128,5.310479963166436,0.0
129,0.4669347290711183,35.02145855036017
130,0.4335392684223463,46.59794985525611
131,5.9940338964458055,0.0
132,8.91267681314614,0.0
133,11.447873652397286,0.0
134,23.563355657764166,0.2933385056986729
135,0.3300434264117376,0.04512900087671891
136,6.046834827471566,0.0
137,4.454533246538001,0.0
138,9.373293482094518,0.0
139,3.4874187577499147,0.0
140,53.21972815389707,58.75480011142665
141,11.211698547809123,0.0
142,0.3243270863006866,9.232942289367921
143,14.696559995509357,0.0
144,14.14057070470818,0.0
145,14.826230658028463,0.0
146,55.51483870848408,80.0787043156851
147,17.032888370897094,0.0
148,6.203582890516704,0.0
149,0.6647501829140695,46.47519897287143
150,9.017075235174282,0.0
151,43.269385180592245,36.37893889673188
152,5.142900939910887,0.0
153,33.85728075774375,2.069615980206329
154,7.366256383103905,0.0
155,0.8958106674028703,40.311028743120396
156,6.540395667059949,0.0
157,8.99059955465994,0.0
158,58.63926986918225,128.8044865622785
159,34.5447458710991,9.126437847298865
160,0.6630954528819232,54.699508092644685
161,0.090709291762205,3.575119449453672
162,5.223982711486058,0.0
163,6.990482235803759,0.0
164,5.998697226536399,0.0
165,14.686481185313557,0.0
166,13.160970525677534,0.0
167,7.58753891740275,0.0
168,4.649640960328349,0.0
169,0.3056737659383094,12.757517257839668
170,7.820554991929542,0.0
171,6.047737407489101,0.0
172,27.686040317855362,3.5782784795150424
173,6.280151762004203,0.0
174,5.934162755282691,0.0
175,4.547047698335275,0.0
176,6.328439792942293,0.0
177,15.07519231286503,0.0
178,15.099411543335535,0.0
179,4.9192115255652835,0.0
180,10.28309413976917,0.0
181,8.557060286237595,0.0
182,5.105895159191977,0.0
183,20.255700753506513,0.0
184,5.991627016399047,0.0
185,15.482255900773033,0.0
186,16.87674202786365,0.06318060122740647
187,6.1664266797948715,0.0
188,7.624845558127504,0.0
189,11.435688822160571,0.0
190,19.865334895922896,0.26174820508496965
191,56.14844988079321,95.0186600559229
192,16.719241814803897,0.0
193,9.017676955185973,0.0
194,29.47089230252959,9.635492977188253
195,17.240180914924156,0.0
196,14.688135915345702,0.0
197,12.506449582962189,0.0
198,34.08412920215072,14.343801638656338
199,14.607956723788066,0.0
200,7.342488442642166,0.0
201,10.992522033551191,0.0
202,20.583487729874417,0.004512900087671891
203,15.74069464579371,0.0
204,10.684290957563201,0.0
205,19.152898402082428,0.004512900087671891
206,18.526808729919413,0.004512900087671891
207,16.259678155875978,0.0
208,5.347485743885346,0.0
209,8.45822777431758,0.0
210,0.637973642393883,39.7112643214688
211,9.152010947795672,0.0
212,12.262000828213294,0.0
213,25.66019946849945,6.5513770572732835
214,9.159231587935947,0.0
215,11.721505827713125,0.023015790447126643
216,16.08593150250061,0.0
217,13.08470251419588,0.0
218,16.725409444923717,0.0
219,15.344913308104886,0.0
220,5.608030508946936,0.0
221,11.6897650970965,0.0
222,17.227544794678675,0.0
223,24.197568550084988,0.05415480105206269
224,12.517581403178445,0.0
225,38.262472963323205,7.523455736157809
226,13.69243972600236,0.0
227,34.28675841608719,5.847364643596469
228,20.133852451139372,0.08123220157809403
229,8.056579666514782,0.0
230,27.051676995531615,3.5814375095764124
231,22.054994018461297,0.17600310341920375
232,15.670142974423106,0.0
233,12.962703781825816,0.0
234,24.243750560982164,0.013538700263015672
235,6.540395667059949,0.0
236,24.685112189556474,4.033630098361136
237,5.921977925045978,0.0
238,18.194960143472606,0.0
239,8.191665809139094,0.050544480981925176
240,19.27113638437943,0.0
241,23.55733845764727,0.11282250219179726
242,11.223582518039992,0.0
243,7.099995277931264,0.0
244,12.210553767213835,0.0
245,13.724030026616065,0.0
246,15.242771336120578,0.0
247,9.065513696115294,0.0
248,15.99356748070626,0.0
249,23.17629926024484,0.0
250,8.297869391202305,0.0
251,14.1668959552196,0.0
252,6.221634490867391,0.0
253,21.399871355734263,0.22158339430468985
254,19.084302320749813,0.13989990271782862
255,9.247684429654317,0.0
256,17.60377023198759,0.0
257,12.534730423511599,0.0
258,16.681935174079143,0.0
259,16.181454554356332,0.0
260,8.702225239057707,0.0
261,24.914217084007284,0.009025800175343782
262,21.505623647788706,0.0
263,10.157184227323125,0.0
264,9.758093429570007,0.0
265,18.390669577274643,0.0
266,11.672616076763346,0.0
267,29.645541535922494,7.853800022575392
268,21.436576276447326,0.32944170640004805
269,10.940623682542965,0.0
270,14.844733548387918,0.0
271,9.707097658579315,0.0
272,14.636087134334554,0.0
273,13.400605520332913,0.0
274,32.44323873027322,24.14807707912352
275,9.423386673067675,0.0
276,6.1879381702127745,0.0
277,25.035463666362737,2.444186687483096
278,12.740518667509438,0.0
279,19.727992303254748,0.3344058964964871
280,12.15624853615885,0.0
281,10.604262196008486,0.0
282,29.773557468409454,8.771272610399087
283,16.49284466040569,0.0
284,14.294310167694869,0.0
285,17.615353342212615,0.0
286,23.058061277947836,0.0
287,8.710799749224284,0.0
288,21.138574440658058,0.30687720596168855
289,17.757208834968434,0.0
290,17.329235476654215,0.0496419009643908
291,17.828061366344883,0.09025800175343782
292,16.351741317664484,0.04512900087671891
293,8.436415423893832,0.0
294,19.364252556188394,0.0
295,7.473212115181728,0.0
296,9.57817914607482,0.0
297,27.66964344753682,0.0
298,16.66583916376645,0.0
299,10.155379067288056,0.0
300,11.569571524761503,0.0
301,12.95157196160956,0.0
302,12.701858156758382,0.0
303,27.634743686858823,5.397879794864348
304,9.29567160058656,0.0
305,17.0282250408065,0.0
306,18.13358470228027,0.013538700263015672
307,9.03708242556296,0.0
308,18.88934503696239,0.06318060122740647
309,9.798859960361977,0.0
310,12.477266162395244,0.0
311,15.105127883446587,0.0
312,11.559643144568627,0.0
313,31.565780523226884,2.935641507030565
314,26.763001819923538,0.07671930149042214
315,22.401133455185732,0.0
316,17.613548182177546,0.0
317,10.513853764252126,0.0
318,25.08585771734174,2.1467865717055186
319,15.74626055590184,0.0
320,41.575242487680214,46.17418853702372
321,19.7263375732226,0.0
322,8.160526798534157,0.0
323,12.448233171831221,0.0
324,11.557236264521867,0.0
325,7.213269070131828,0.0
326,12.746836727632179,0.0
327,14.84683956842883,0.0
328,24.51723230629508,0.05415480105206269
329,32.813597397468165,18.682503782944092
330,24.952426304749572,0.0
331,13.322231488810344,0.0
332,17.325023436572387,0.15795150306851619
333,11.866069060521546,0.0
334,18.324781235994635,0.0992838019287816
335,15.997027370773473,0.0
336,6.107608548652214,0.0
337,15.186059225018836,0.0
338,7.637632108375908,0.0
339,24.12746816872315,0.12184830236714105
340,18.355017666582036,0.0
341,13.306436338503492,0.0
342,23.08528910847679,0.46482870903020473
343,9.029560925416842,0.0
344,22.283346762897494,0.0496419009643908
345,0.44813097870581875,33.567853432121055
346,8.064702886672592,0.0
347,25.665163658595887,0.7270282041239416
348,22.693870240872716,0.009025800175343782
349,20.084210550174983,0.004512900087671891
350,29.319108429580897,0.15795150306851619
351,15.402527999224164,0.027528690534798533
352,20.96046531719794,0.13989990271782862
353,17.886879497487538,0.013538700263015672
354,24.97348650515871,0.7310898142028464
355,9.549447015516643,0.0
356,26.482449864473267,0.0
357,12.203032267067716,0.0
358,10.239770298927521,0.0
359,10.108144046370423,0.0
360,29.84486128979467,12.555790623920734
361,11.954521902239916,0.0
362,12.69990256672039,0.0
363,35.664546812853416,12.706972776857743
364,0.37096038720662944,0.0
365,14.3878776295126,0.0
366,12.703362456787605,0.0
367,12.913814030876038,0.0
368,10.062864615490781,0.0
369,17.664995243177003,0.0
370,9.242419379552032,0.0
371,22.072293468797373,2.5096237387543385
372,23.188634520484477,1.0519570104363178
373,11.495108673314919,0.0
374,11.22659111809844,0.0
375,21.886061125179445,2.0921804806446884
376,18.499280039384615,0.0
377,16.597092652430913,0.0
378,18.099888381625654,0.11282250219179726
379,23.208039990861465,0.07671930149042214
380,25.74082995006585,0.07220640140275025
381,20.020277798932963,0.5460609106082988
382,15.783266336620748,0.004512900087671891
383,0.2700218552457015,0.0
384,23.028576997375048,0.2572353049972978
385,12.698999986702855,0.0
386,16.029520251404712,0.0
387,27.33313153099942,0.1985676038575632
388,13.308091068535639,0.0
389,14.409990839942193,0.0
390,9.76200460964599,0.0
391,18.109365471809763,0.0
392,15.07218371280658,0.0
393,15.91143269911063,0.0
394,10.984699673399227,0.0
395,0.5243989901874737,3.938407906511259
396,0.4046567078612462,2.466901617924378
397,11.586720545094657,0.0
398,0.5802085212716828,0.06333103123032886
399,5.273323752444605,0.0
400,7.467194915064833,2.9733994377640864
401,5.1012318291013825,0.0
402,6.624937328702336,0.0
403,0.6245853721337897,1.3756823767253148
404,1.7543146940809864,0.3011608658506375
405,2.8476399553209633,6.287522832147401
406,4.783674092932205,0.0015043000292239636
407,0.7953234254507096,3.7025336619289417
408,1.434650937870894,6.571985967673652
409,5.841497873482496,0.6116483918824636
410,5.438345465650473,0.0
411,0.3891624175602394,2.1968797626786762
412,7.215976810184431,0.0
413,0.44361807861814684,0.0030086000584479272
414,6.058267507693668,0.0
415,0.3739689872650773,4.51154621764559
416,0.06468490125663043,1.399299887184131
417,0.97614028896343,0.45129000876718905
418,8.935241313584498,0.0
419,0.6266913921747033,0.0
420,9.657756617620768,0.0
421,12.685762146445684,0.0
422,1.1965202432447406,1.0785831209535819
423,5.186976930767149,2.271041754119418
424,0.18141858352441,3.6935078617535977
425,9.076194226322784,0.0
426,10.154025197261754,0.0
427,15.602148613102184,0.05114620099361476
428,1.0484971203691027,0.0060172001168958544
429,6.625990338722793,0.0
430,7.143619978778759,0.010530100204567745
431,4.3578067546589,0.0
432,12.230260097596668,0.0
433,1.3443929361174562,0.11883970230869312
434,6.630804098816309,0.0
435,0.38164091741411954,0.018051600350687563
436,0.4952155696205288,0.5922429215054744
437,5.817128213009068,0.0
438,9.137720097518045,0.0
439,7.511872625932785,1.1008467613860966
440,0.5738904611489422,3.0857706499471167
441,0.5454591905966092,0.03610320070137513
442,27.0367844252423,0.7980311655033127
443,0.8589553166868832,19.178170642573388
444,5.231504211632179,0.0
445,0.7617775347990151,6.861262863293421
446,0.7124364938404691,0.009025800175343782
447,6.946707104953341,3.3374400448362858
448,6.5950017581207785,1.8146371252528672
449,2.436063467325287,2.3703255560481993
450,0.5692271310583479,3.6694390612860146
451,0.15148301294285313,2.302632054733121
452,10.088588145990512,0.0
453,0.6262401021659361,5.0541472381866726
454,7.615819757952161,0.0
455,27.552157615254426,0.043624700847494945
456,0.06754307131215596,0.030086000584479272
457,5.636762639505114,0.6862616733319722
458,6.241491251253147,0.0
459,0.45745763888700736,2.767912053772093
460,4.343666334384195,0.0
461,0.5394419904797133,3.573615149424448
462,12.248913417959045,0.4138329380395124
463,8.991953424686242,11.400036911467962
464,0.29378979570744007,0.5847214213593547
465,6.5161764365894435,0.0
466,1.319271125629416,0.2682166952106327
467,4.460851306660742,0.0015043000292239636
468,1.6441999319417921,0.16246440315618807
469,5.919571044999219,0.0015043000292239636
470,5.370651964335395,0.9388336482386757
471,6.805904622217978,0.0
472,0.38585295749594667,0.8645212267950119
473,0.1406520527324406,0.0015043000292239636
474,32.18058794517072,0.941240528285434
475,5.810509292880481,8.954646783961488
476,14.876775139010388,0.004512900087671891
477,49.656191814668425,22.238969912035387
478,0.873697456973278,0.02106020040913549
479,0.6564765327533377,0.2922854956782161
480,25.331209052108168,0.013538700263015672
481,20.769419213486497,2.912926576589283
482,8.36601418252615,0.0
483,0.25257197490670347,1.3681608765791948
484,8.20595665941672,17.88387089742909
485,5.187729080781761,0.0
486,10.543789334833683,0.0
487,14.401265899772692,0.41293035802197803
488,6.33144839300074,1.6398374618570428
489,12.874852660119137,0.0
490,8.876724042447687,0.0
491,1.0830960210412537,0.7817847251876939
492,0.42451346824700253,0.9940414593111951
493,0.43263668840481195,3.5507497889802435
494,7.053813267034088,0.0060172001168958544
495,4.411209405696351,0.0
496,0.2987539858038792,1.3221292956849415
497,0.9122075377214115,2.962117187544907
498,14.321387568220901,0.0
499,0.6471498725721492,3.046959709193138
500,48.4544065213214,9.555012925624771
501,9.630077497083048,0.0015043000292239636
502,5.495358436758061,0.0
503,12.68982375652459,0.0
504,0.503639649784183,3.7810581234544327
505,21.73382596222198,0.018051600350687563
506,17.708469514021576,0.6551226627270361
507,9.820371450779879,0.0
508,13.667618775520166,0.9686187888173101
509,49.81850578782169,15.695264784911146
510,0.12199873237006345,3.4911795078229746
511,4.513652237686503,0.004512900087671891
512,1.3884689269737185,3.611974800169659
513,0.370809957203707,0.8237546960030425
514,0.430380238360976,1.7672516743323123
515,0.852035536552453,2.825677174894293
516,18.681149912917792,0.0
517,1.0330028300680958,8.044244406275146
518,0.1493769929019396,0.34132567663091734
519,0.750344854576913,8.564581786383714
520,0.1570489230509818,1.4642856484466062
521,0.24956337484825555,0.3896137075690066
522,16.86004429753926,0.0030086000584479272
523,50.13741739401717,4.703344471371644
524,3.8152057341178165,0.0
525,7.6477109185717085,0.018051600350687563
526,11.035845874392841,0.0
527,4.714626721590824,0.0
528,12.161814446266979,2.6720881419105265
529,5.3143911432424185,0.0
530,20.4933801581239,0.0
531,6.72061081056098,3.6000908299387895
532,0.6570782527650273,8.316071421555916
533,5.951612635621689,0.0
534,10.553266425017794,0.09326660181188574
535,1.0397721801996036,3.028306388830761
536,7.171299099316479,0.0
537,6.9691211753887785,0.0
538,0.7325941142320703,0.9907319992469025
539,6.569579087626894,0.0
540,11.565359484679677,1.4886553089200343
541,0.42331002822362335,0.8727948769557436
542,5.259183332169899,0.0
543,19.188700742777957,0.0
544,5.871734304069897,0.0
545,6.829522132676795,0.0
546,10.02450496474557,0.0
547,5.744320091594627,8.441830903999039
548,5.2497062419857885,0.02722783052895374
549,3.4854631677119237,0.0
550,0.42692034829376085,2.077438340358294
551,0.6766341531449388,0.49491470961468403
552,5.923933515083968,0.0060172001168958544
553,4.3075631336828195,0.0
554,0.8315770561550071,8.401064373207069
555,16.25802342584383,0.0
556,6.268267791773334,0.0
557,4.709060811482695,0.07250726140859505
558,5.807651122824956,0.0
559,19.620434851165236,0.0
560,7.596564717578094,0.030086000584479272
561,0.9314625780954783,3.7967028437583616
562,6.767544971472767,0.0
563,0.8192417959153706,0.0
564,1.2726378247234733,4.2707077829668325
565,31.424677180485677,0.4258673382733041
566,13.528922312825717,0.0
567,18.720261713677615,0.0
568,12.277645548517224,0.007521500146119818
569,7.033655646642487,0.1731449333636782
570,0.6303017122448408,0.3226723562685402
571,16.04501454170572,0.0
572,1.2034400233791709,3.3657208853856964
573,15.19267814514742,0.0
574,9.218049719078603,0.8691845568856061
575,15.653144384092876,0.0030086000584479272
576,5.887379024373827,0.03610320070137513
577,6.54927103723237,10.666088927209591
578,11.839142089998438,0.0
579,9.539518635323764,0.0
580,1.1011476213919413,4.5541179084726275
581,15.65404696411041,0.35772254694945854
582,6.442014445148701,0.007521500146119818
583,5.613596419055065,5.905129764718669
584,5.779520712278468,0.0
585,7.820103701920774,0.14486409281426768
586,7.3521159628292,0.0
587,11.938275461924297,0.0
588,43.325495571682296,1.9974095788035788
589,20.283981594055923,0.13087410254248483
590,7.997009385357513,0.0
591,7.791371571362597,0.0
592,12.960296901779058,0.0015043000292239636
593,6.561606297472006,0.17495009339874695
594,24.503693606032066,0.10996433213627174
595,15.315729887537941,0.0
596,9.055886175928261,7.708183779746512
597,0.5310179103160592,0.764786134857463
598,10.442399512863988,0.0
599,13.784202027785023,0.031590300613703236
600,8.068614066748573,0.0
601,15.899699158882683,0.0
602,6.729787040739246,0.02106020040913549
603,5.990122716369823,0.0
604,17.229801244722513,3.3715876554996695
605,19.343643645788024,0.0
606,6.2667634917441095,4.972313316596889
607,10.633896906584198,1.7704107043936828
608,11.235316058267939,0.0496419009643908
609,8.698765348990491,0.0
610,9.111244417003702,0.0
611,9.947334373246381,0.0
612,11.81913489960976,0.0
613,20.600335890201723,0.2551292849563842
614,13.928163540581757,0.0
615,7.32639243232947,2.06089104003683
616,7.741579240395284,0.0
617,17.16421376344835,15.192979005153266
618,20.87246376548834,4.230693402189475
619,10.203065378214456,0.0
620,7.934881794150563,0.0
621,6.861563723299265,0.15148301294285313
622,11.420946681874176,0.0
623,33.31723704725235,2.964373637588743
624,11.471641592859024,0.0015043000292239636
625,5.637966079528494,0.0
626,8.866795662254809,0.0
627,9.707699378591004,0.5067986798455534
628,38.52497331842279,1.9847734585580976
629,11.001999123735303,0.6432386924961668
630,15.032319762032145,0.49416255960007205
631,18.369609376865508,0.0165473003214636
632,19.121909821480415,0.0
633,10.43066597263604,0.0
634,14.005183702078023,0.0
635,7.829731222107808,0.0
636,18.314551995795913,0.0
637,6.593347028088632,0.0
638,14.452261670763386,0.0
639,18.21647163389051,0.010530100204567745
640,12.716149007036009,0.0
641,8.543371155971656,0.0
642,7.44944417471999,4.327419894068576
643,16.97737969981873,0.018051600350687563
644,11.494657383306151,0.0
645,12.513670223102464,4.896195735118157
646,20.33272091500278,0.012034400233791709
647,9.162240187994396,0.0
648,42.74167673034048,0.6794923232004644
649,10.957321412867351,5.081074208709782
650,8.246271900199924,0.0
651,12.622882405224123,0.0
652,21.081110179541703,0.0
653,5.86812398399976,0.0
654,11.546254874308532,0.0
655,8.47642980467119,2.9075110964840767
656,12.182874646676114,0.0
657,29.05390033442871,6.6834545998391475
658,21.66899063096243,0.0
659,0.8279667360848696,0.0
660,6.058267507693668,0.0
661,22.85813980406397,1.0587263605678257
662,12.260045238175303,0.0
663,11.81341855949871,2.042538579680298
664,8.474775074639044,3.7112586020984404
665,13.698456926119258,0.0
666,12.328340459502071,0.0
667,9.418723342977081,0.0
668,12.058619464262215,0.004512900087671891
669,9.116960757114754,0.0
670,9.94718394324346,0.0
671,11.731133347900158,0.0
672,13.224602416913708,0.0
673,14.234890316540522,0.1358382926389239
674,10.01322271452639,0.49250782956792566
675,20.26803601374615,0.004512900087671891
676,10.034884634947216,0.0
677,0.534778660389119,0.0
678,12.272831788423707,0.783740315225685
679,18.990885288935004,0.0
680,17.807302025941592,0.0
681,0.12184830236714105,0.0
682,6.730238330748013,0.03610320070137513
683,16.385136778313257,0.0
684,22.66212951025609,0.12636120245481294
685,9.8480505713176,0.0
686,0.3544130868851658,0.015043000292239636
687,18.783592744907942,0.0
688,11.970016192540923,0.0
689,13.970584801405872,0.0
690,11.980395862742569,1.196670673247663
691,8.213628589565763,0.0
692,18.1996234735632,0.0
693,6.8841282237376245,0.0
694,13.328098258924317,0.0
695,14.54989074266002,0.0
696,28.68655026729222,0.0
697,8.339989792020576,0.09777950189955763
698,11.423955281932624,0.0
699,11.389205951257551,0.0
700,18.217073353902197,0.004512900087671891
701,21.97165579684229,0.05716340111051062
702,0.43654786848079424,0.0
703,7.30066890182974,3.3332280047544587
704,15.203358675354911,0.0
705,16.493596810420303,1.815238845264557
706,34.06051169169191,0.37291597724462056
707,12.273433508435396,0.21616791419948356
708,16.992723560116815,0.0060172001168958544
709,17.465374629298985,0.004512900087671891
710,19.487454728581838,0.09176230178266177
711,11.949858572149322,1.578462020664705
712,19.811781814882522,0.03610320070137513
713,10.126045216718188,0.22459199436313776
714,12.464630042149762,0.0
715,9.734024629102423,0.0060172001168958544
716,13.592102914053124,0.0
717,8.85686728206193,1.6389348818395084
718,9.27431054017158,2.9919023281235413
719,6.913913364316259,0.0
720,24.324080182542723,0.0
721,8.497339575077403,0.16411913318833443
722,11.352801890550332,0.7313906742086911
723,17.92523914823275,0.05445566105790748
724,10.813961620082306,0.1820203035360996
725,9.375549932138354,0.0
726,48.879672139583015,7.060432187162673
727,17.842502646625434,0.007521500146119818
728,13.402561110370904,0.024068800467583418
729,12.344737329820612,0.15855322308020575
730,0.48964965951240014,0.0
731,8.239352120065494,0.0
732,17.779773335406794,0.0
733,17.285309915800877,0.0
734,11.643883946205168,0.0
735,19.227962973540702,0.4251151882586921
736,14.718823635941872,0.7372574443226646
737,13.01625686286619,0.0
738,21.41100317595052,0.38690596751640344
739,12.07215816452523,0.0
740,13.068907363889029,0.0
741,21.9811328870264,0.015043000292239636
742,16.486677030285875,0.0
743,20.208014442580115,0.0
744,10.052184085283292,0.0
745,23.698893090397245,0.10575229205444464
746,20.80040779408851,0.004512900087671891
747,8.859424592111612,0.0
748,11.737150548017054,0.0
749,14.738379536321784,0.0
750,12.618068645130606,0.11297293219471967
751,9.816309840700974,3.461695227250185
752,16.34722841757681,0.0
753,9.681223698076662,0.20488566398030383
754,14.09213224376717,0.0015043000292239636
755,0.06558748127416482,0.0
756,19.399001886863466,0.0
757,8.255748990384035,6.253976941495706
758,21.658761390763704,0.24851036482779879
759,21.963683006687404,0.0
760,13.792626107948678,0.6725725430660341
761,15.164698164603855,0.12515776243143378
762,28.026764274474587,2.588900350294441
763,11.587322265106346,0.0
764,20.89442654591501,1.5200951795308153
765,10.146654127118557,0.5826154013184411
766,8.236493950009969,0.0
767,18.758470934419904,0.0
768,10.631941316546207,0.0
769,11.597250645299225,0.0
770,19.601631100799935,0.0
771,7.452151914772593,0.0
772,21.2691476831947,0.0
773,16.103080522833764,0.0
774,26.843933161495787,5.841046583473728
775,7.614766747931704,0.004512900087671891
776,20.52406787872007,0.11643282226193478
777,6.248862321396345,0.055659101081286654
778,0.62774440219516,7.802503391578854
779,0.7128877838492363,11.588676135132648
780,0.7029594036563582,6.360481383564763
781,0.5618560609151504,13.354573939438659
782,0.6161612919701355,13.566078523547548
783,0.5459104806053764,22.273719242710463
784,0.5167270600384315,29.50729636323681
785,0.5549362807807202,15.727306375533617
786,0.5597500408742369,14.321537998223823
787,0.7608749547814808,26.771125040081344
788,0.637221492379271,21.460344216909064
789,0.3894632775660842,7.394386793650393
790,4.759304432458776,0.0015043000292239636
791,0.44497194864444845,16.961885409517723
792,0.4582097889016193,11.803339749302907
793,10.67917633746384,0.019555900379911527
794,0.6160108619672131,12.649959805750155
795,0.9797506090335675,5.769441902082668
796,6.61892012858544,0.0
797,6.885933383772693,0.0
798,10.079863205821013,0.0
799,0.86000832670734,16.84169183718273
800,6.621928728643888,0.0
801,5.332894033601874,0.0
802,0.9749368489400508,25.18138076919746
803,59.14305994896935,46.688057427006626
804,8.792332810808222,0.0
805,18.59946642133093,2.432754007260994
806,5.937020925338217,0.0030086000584479272
807,5.727020641258552,0.0
808,5.298295132929722,0.0
809,5.0166901674589965,0.0
810,7.6964502395185646,0.0
811,10.727013078393162,0.07536543146412057
812,5.850222813651994,0.0
813,0.7226657340391921,7.030797476586961
814,8.645212267950118,0.07747145150503412
815,8.3979053431457,0.0
816,11.108202705798515,0.007521500146119818
817,12.550525573818451,0.016697730324385995
818,6.6578814993423405,0.0
819,3.9352488764498887,0.0030086000584479272
820,33.371391848304405,6.3619856835939865
821,7.861923242733201,0.007521500146119818
822,0.7043132736826597,18.830226045813887
823,0.7195067039778218,12.715848147030163
824,10.302650040149082,0.03610320070137513
825,0.2955949557425088,0.5511755307076602
826,0.577651211222002,15.596131412985287
827,9.72936129901183,0.0015043000292239636
828,5.181862310667787,0.0
829,0.9361259081860726,2.5612212297567205
830,8.279366500842851,0.0
831,0.545007900587842,0.16697730324385995
832,11.711577447520247,0.0
833,0.753353454635361,6.233217601092416
834,17.708319084018655,0.5737400311460197
835,22.68288885065938,3.8971900857105224
836,6.169284849850397,0.0
837,14.584038353323404,0.6667057729520607
838,58.61083859862991,38.98965159745007
839,0.5678732610320463,9.9246194428051
840,7.186041239602874,0.0015043000292239636
841,7.091721627770531,0.0
842,11.257730128703376,0.0
843,0.44858226871458595,7.420260754153046
844,7.245611520760143,0.0
845,8.313062821497468,0.03790836073644388
846,5.040458107920735,0.007521500146119818
847,12.385052570603815,0.010530100204567745
848,0.5352299503978862,6.827416112635881
849,0.5722357311167957,14.90385253953642
850,8.295312081152625,0.0
851,0.9750872789429732,6.4606677655110785
852,0.6003661416632838,0.8126228757867852
853,0.7774222551029444,29.50729636323681
854,12.864472989917491,0.07972790154887006
855,11.454191712520027,0.009025800175343782
856,14.145685324807541,0.0
857,0.41608938808334833,0.028732130558177704
858,7.497581775655157,0.3004087158360255
859,10.690007297674253,0.03760750073059909
860,6.4883468860488,0.0030086000584479272
861,0.6032243117188094,12.736757917436377
862,0.5383889804592565,3.772483613287856
863,0.422407448206089,5.270766442394923
864,15.61643946337981,0.0060172001168958544
865,0.8242059860118096,22.419335485539342
866,37.15260040176177,18.815032615518724
867,38.41049608619884,18.72296945373022
868,6.278948321980824,0.0
869,0.35697039693484656,0.4019489678086431
870,0.5171783500471987,16.93029510890402
871,19.6007285207824,0.03459890067215116
872,0.7705024749685142,11.35024458050065
873,0.2447496147547389,0.0015043000292239636
874,11.664492856605536,0.0
875,4.7781081828240755,0.0
876,17.114571862483956,0.6639980328994576
877,6.541448677080406,0.0
878,14.429245880316259,0.06919780134430233
879,4.466718076774715,0.0
880,8.736824139729858,0.0
881,0.8103664257429491,3.213937012436998
882,6.5728885476911865,0.0
883,0.6659536229374486,13.398499500291999
884,8.374287832686884,0.0
885,5.663087890016533,0.0
886,15.611475273283371,0.0783740315225685
887,0.7535038846382833,14.875270838981164
888,0.5970566815989912,14.918143389814047
889,21.69170556140371,0.031590300613703236
890,9.245427979610481,0.0
891,0.5042413697958726,16.04335981167357
892,0.6656527629316039,14.826230658028463
893,33.95280380959947,3.7279563324228264
894,1.9402461776930682,4.950200106167297
895,28.079715635503273,5.821641113096739
896,0.5690767010554254,14.012855632227065
897,24.3427335029051,3.46139436724434
898,0.46182010897175685,19.654883321834465
899,5.433230845551112,0.0
900,6.450137665306511,0.007521500146119818
901,1.0734685008542204,13.92455322051162
902,9.779454489984987,0.0015043000292239636
903,14.510778941900197,0.14155463274997498
904,13.507260392404891,0.024068800467583418
905,10.510845164193679,0.0
906,23.856694163462837,0.02557310049680738
907,7.763993310830721,0.0
908,16.999041620239556,0.3756237172972237
909,15.14815086428239,0.26626110517264157
910,8.30749691138934,0.0015043000292239636
911,0.5483173606521348,25.581975866979803
912,9.958014903453872,0.013538700263015672
913,15.27872410681903,0.016697730324385995
914,11.050287154673391,0.0030086000584479272
915,0.4743057992143157,2.674946311966052
916,4.845350394130387,0.07235683140567264
917,0.4834820293925819,4.949147096146841
918,8.98744052459857,0.022564500438359454
919,12.566621584131147,0.02557310049680738
920,5.918518034978763,0.0
921,14.994712261301547,0.10379670201645348
922,18.87445246667307,0.2441478947430493
923,9.200900698745452,0.0
924,0.801190195564683,15.090536173163112
925,0.9422935383058908,10.67225655732941
926,0.7148433738872275,23.259637481863848
927,10.150565307194539,0.0060172001168958544
928,14.06655914327036,0.0
929,27.000530794538,0.6286469822126944
930,21.357299664907224,0.04212040081827098
931,3.6435651007833623,0.0
932,32.9199514095343,2.454415927681819
933,5.275881062494285,0.0
934,1.095280851277968,6.732795640797693
935,0.49762244966728714,0.08153306158393883
936,12.080732674691808,0.0
937,8.110132747555156,0.0
938,6.0116342067877255,0.7586185047376448
939,0.5092055598923116,18.76524028455141
940,17.139091952960307,0.0030086000584479272
941,8.491623234966353,0.0
942,0.7551586146704298,20.587248479947476
943,49.98262492101003,32.67971469486723
944,17.86115596698781,0.06468490125663043
945,0.5083029798747773,0.0
946,18.703413553350305,0.14140420274705257
947,0.6742272730981805,20.454418787367
948,1.2411979541126923,35.971875308823876
949,42.473159175124,21.27531531331452
950,11.980696722748414,0.0015043000292239636
951,9.500406834563941,0.0
952,4.938015275930583,0.0
953,4.982091266786845,0.0015043000292239636
954,10.322055510526072,0.0030086000584479272
955,18.78389360491379,0.08273650160731799
956,15.215393075588702,0.027077400526031345
957,8.261314900492163,0.0
958,6.842910402936888,0.0
959,34.58867143195244,4.198050091555316
960,0.8666272468359254,29.853134939955403
961,2.417259716959987,0.0
962,15.980329640449087,0.06468490125663043
963,20.13565761117444,0.34824545676534757
964,6.764235511408475,0.0
965,22.49139145693917,0.7151442338930722
966,6.82922127267095,0.0
967,6.773863031595508,0.0
968,9.988552194047118,0.018051600350687563
969,23.202173220747493,4.2100844917891065
970,20.80717714422002,0.14742140286394842
971,1.8617217161675774,3.11299848047607
972,6.438554555081486,40.798572382591885
973,1.6311125216875437,6.077372118064813
974,24.97484037518501,1.0898653711727617
975,16.645982403380692,0.007521500146119818
976,6.8585551232408175,0.010530100204567745
977,5.681590780375988,0.004512900087671891
978,18.027230690214136,0.7390626043577333
979,0.46166967896883443,3.0477118592077503
980,14.376444949290498,0.0
981,13.342539539204868,0.04512900087671891
982,20.486610807992392,2.3525748157033566
983,18.466185438741686,0.8303736161316279
984,5.848868943625693,0.033696320654616786
985,11.15949933679505,0.0
986,14.554554072750616,0.07386113143489662
987,12.123003505513001,0.027077400526031345
988,15.18259933495162,0.04527943087964131
989,16.69186355427202,0.14140420274705257
990,15.956110409978582,0.04212040081827098
991,12.511714633064473,0.0
992,8.328105821789707,0.0
993,0.7288333641590103,0.6024721617041974
994,17.325324296578234,0.009025800175343782
995,13.679352315748114,0.007521500146119818
996,12.959544751764446,0.004512900087671891
997,7.506156285821733,0.19390427376696892
998,19.323486025396424,1.967474008222022
999,14.564482452943492,0.07235683140567264
1000,27.586305225917812,8.125025317844472
1001,0.8496286565056946,7.310747712025541
1002,13.460777521501871,0.0030086000584479272
1003,56.83862273420116,35.36308508699694
1004,14.417963630097079,0.31936289620424746
1005,10.394111481925899,0.0
1006,12.102845885121399,0.004512900087671891
1007,16.738346425175042,0.24520090476350606
1008,10.474290673483535,0.04212040081827098
1009,0.4045062778583238,7.455160514831041
1010,25.694046219156988,0.1323784025717088
1011,13.981566191619207,0.0
1012,8.278614350828239,0.0
1013,8.237546960030425,0.0
1014,4.289511533332132,5.628037699335615
1015,14.673092915053463,0.11131820216257331
1016,6.177558500011129,0.0030086000584479272
1017,21.3396993545653,2.2352394134238875
1018,12.78534680838031,0.010530100204567745
1019,9.153966537833663,0.0
1020,12.164973476328349,0.0
1021,7.598069017607318,0.0
1022,9.248286149666006,0.0
1023,29.608385325200665,0.38103919740243
1024,11.550767774396205,1.6760910925613401
1025,23.837739983094618,2.017266339189335
1026,0.7158963839076843,20.621696950616705
1027,17.832273406426708,0.16411913318833443
1028,8.539309545892753,0.0
1029,20.20831530258596,0.52981447029268
1030,0.6063833417801797,9.288450960446285
1031,17.990074479492304,0.6612902928468544
1032,16.988962810043756,0.0496419009643908
1033,16.29638307658904,0.10394713201937589
1034,15.92211322931812,0.0
1035,10.071589555660282,0.060172001168958544
1036,4.966596976485838,0.0
1037,6.208697510616065,0.0
1038,15.529039631681899,0.19601029380788246
1039,9.319890831057066,0.0030086000584479272
1040,14.263923307104545,0.0330946006429272
1041,6.981907725637182,0.0
1042,1.0627879706467303,14.797498527470285
1043,0.8598578967044176,1.394786987096459
1044,9.87377410181733,0.0
1045,10.470379493407554,0.0
1046,19.678651262296203,1.3618428164564542
1047,0.3380162165666246,0.0
1048,11.609285045533017,0.009025800175343782
1049,10.874885771265877,0.0030086000584479272
1050,9.720335498836485,0.0
1051,19.79914569463704,0.039111800759823054
1052,15.827793617485778,0.004512900087671891
1053,48.97639863146212,11.274578289030686
1054,15.521518131535778,0.0015043000292239636
1055,8.582633386734402,0.0
1056,10.71678383819444,0.0
1057,6.143410889347745,0.0
1058,2.0032763489175522,5.968761655954843
1059,6.366949873690426,0.010530100204567745
1060,13.970133511397105,0.031590300613703236
1061,17.179708053749355,0.06633963128877679
1062,22.34336833406353,0.018051600350687563
1063,24.948665554676513,0.571934871110951
1064,14.747706196502971,0.0
1065,17.203024704202324,0.013538700263015672
1066,18.547868930328548,0.0015043000292239636
1067,37.82156262475766,12.23101224761128
1068,5.4237537553670006,0.0
1069,7.455611804839808,0.0
1070,21.090135979717047,0.7811830051760043
1071,9.546889705466963,0.0030086000584479272
1072,18.722819023727297,0.4800221393253668
1073,8.764051970258812,0.0
1074,12.681249246358012,0.0
1075,8.13119294796429,0.0
1076,21.05192675897476,1.4134403074588362
1077,6.936177004748774,0.0
1078,53.31901195582586,19.597419060718106
1079,8.94216109371893,0.0
1080,42.40110320372417,4.2185085719527615
1081,11.528804993969535,0.0
1082,1.131384051979343,11.533317894057207
1083,18.229859904150604,0.4082670279313837
1084,12.34142786975632,0.012034400233791709
1085,20.81289348433107,0.6927301634576353
1086,10.273917909590905,0.25813788501483215
1087,12.874100510104526,0.0060172001168958544
1088,7.538799596455894,0.0015043000292239636
1089,26.029053835665163,6.409671994520386
1090,13.111930344724835,0.0165473003214636
1091,0.9459038583760283,26.09027884685458
1092,15.699476824992974,0.07371070143197421
1093,0.49416255960007205,13.102603684543645
1094,8.504259355211833,0.0
1095,21.369183635138093,0.0060172001168958544
1096,6.97107676542677,0.0
1097,0.9502663284607779,9.285442360387838
1098,11.383940901155267,0.0
1099,9.142985147620328,0.0
1100,11.565810774688444,0.009025800175343782
1101,12.333455079601432,0.0
1102,23.139443909528854,0.4830307393838147
1103,12.455453811971497,0.0
1104,22.241527222085068,0.36584576710726796
1105,23.619315618851296,0.6376727823880382
1106,21.762558092780157,1.4408185679907124
1107,20.57942611979551,0.45640462886655053
1108,10.39110288186745,0.02106020040913549
1109,16.086834082518145,0.027077400526031345
1110,17.974580189191297,0.2769416353801317
1111,19.218034593347824,0.2543771349417722
1112,10.778008849383854,0.0
1113,19.658644071907524,0.019555900379911527
1114,6.207343640589763,0.012034400233791709
1115,10.74130392867079,0.0
1116,8.760441650188675,0.0060172001168958544
1117,7.5807695672712425,0.0
1118,1.0861046210997016,4.0354352583962045
1119,40.312833903155465,16.69216441427787
1120,17.43137744863852,0.5316196303277487
1121,16.514356150823595,0.20007190388678717
1122,22.140889550129987,1.1361978120728597
1123,0.557944880839168,0.0
1124,14.121014804328269,0.0
1125,9.271602800118977,0.030386860590324066
1126,9.49589393447627,0.015043000292239636
1127,12.655074425849516,0.0
1128,24.611551918127425,0.05415480105206269
1129,18.49597057932032,0.3852512374842571
1130,14.531839142309334,0.031590300613703236
1131,5.393066034770832,0.028732130558177704
1132,8.874467592403851,0.0
1133,10.399526962031105,0.0
1134,18.0625817409009,0.0015043000292239636
1135,4.376760935027122,0.0
1136,6.314449802670509,0.0
1137,10.602306605970496,0.0
1138,0.6907745734196441,7.648312638583398
1139,13.342238679199022,0.04377513085041734
1140,17.90192249777978,0.12034400233791709
1141,14.87557169898701,0.15208473295454272
1142,15.570859172494325,0.025723530499729776
1143,24.046687257153824,1.800496704978162
1144,17.64333332275618,0.009025800175343782
1145,10.627428416458535,0.05716340111051062
1146,10.411862222270742,0.0015043000292239636
1147,12.164973476328349,1.3030246853137972
1148,16.44696350951436,0.0165473003214636
1149,13.457468061437579,0.0060172001168958544
1150,23.481672166177304,1.459622318356012
1151,22.640467589835264,0.02106020040913549
1152,17.731034014459937,0.04061610078904702
1153,6.810718382311495,0.0
1154,16.923074468763744,0.6469994425692267
1155,11.00560944380544,0.0015043000292239636
1156,7.995505085328289,0.0
1157,10.984699673399227,0.0
1158,14.103564923989271,0.06318060122740647
1159,18.126965782151682,0.24986423485410036
1160,9.859784111545547,0.0
1161,20.776188563618007,0.46377569900974797
1162,7.305332231920334,0.0
1163,12.263805988248363,0.0015043000292239636
1164,11.247500888504653,0.0
1165,7.9509778044632595,0.0
1166,18.66595648262263,0.03459890067215116
1167,12.23597643770772,0.0030086000584479272
1168,16.69998677442983,0.5680236910349686
1169,10.4431516628786,0.0
1170,11.09090325546244,0.41623981808627075
1171,15.413960679446266,0.03835965074521107
1172,52.48593059964163,40.04025473786008
1173,24.383199173691224,2.3202323650750416
1174,22.859192814084427,0.9374797782123742
1175,0.6694135130046638,0.0
1176,11.676978546848096,0.0
1177,11.116175495953401,0.0
1178,10.06391762551124,0.0
1179,12.34458689981769,0.039111800759823054
1180,20.724741502618546,1.378841406786685
1181,8.48154442477055,0.004512900087671891
1182,14.179080785456314,0.0
1183,10.861948791014552,0.0
1184,0.06814479132384556,15.263229816518024
1185,0.3258313863299105,20.38221238596425
1186,51.319646786984286,19.331759675557155
1187,0.3505019068091835,17.9296016183175
1188,0.12275088238467544,2.025840849355912
1189,0.025723530499729776,9.94221975314702
1190,5.564857098108209,0.007671930149042215
1191,24.145218909067996,0.5660681009969775
1192,5.565759678125743,0.0
1193,14.884898359168197,0.0015043000292239636
1194,0.03580234069553034,12.291184248780239
1195,9.908222572486558,0.0
1196,0.2859674355554755,22.518167997459354
1197,0.21270802413226844,0.02722783052895374
1198,5.5541765679007185,0.0030086000584479272
1199,0.1117694921713405,1.5244576496155646
1200,0.4747570892230829,15.79274342680486
1201,5.245343771901038,0.0
1202,0.19390427376696892,5.2746776224709055
1203,0.3319990164497288,21.07283652938097
1204,0.21376103415272524,0.0
1205,0.6137544119233771,14.629317784203046
1206,6.715345760458696,0.0
1207,0.05716340111051062,9.96974844368182
1208,4.550206728396645,0.0
1209,10.368538381429092,0.010680530207490142
1210,0.37818102734690445,12.64334088562157
1211,8.908163913058468,0.0
1212,0.5499720906842811,16.657415083602793
1213,0.2942410857162073,6.201627300478712
1214,0.35787297695238096,7.743986120442043
1215,0.12485690242558897,6.822000632530675
1216,55.801859154060004,32.12718529413327
1217,0.3061250559470766,15.235249835974459
1218,7.17821887945091,0.0
1219,8.8210649413664,0.004512900087671891
1220,6.017049686892932,0.19510771379034808
1221,7.4192077441325885,0.0030086000584479272
1222,9.726954418965072,0.0
1223,0.07656887148749975,18.711386343505193
1224,0.16667644323801517,16.222221085148302
1225,0.4907026695328569,5.867823123993915
1226,0.32041590622470423,3.937956616502492
1227,0.655423522732881,14.716868045903881
1228,0.04738545092055485,18.421507727873735
1229,0.512364589953682,10.43999263281723
1230,6.036154297264076,0.0
1231,13.572396583670288,0.0
1232,5.86376151391501,0.0
1233,0.27889722541812284,18.51447346967978
1234,28.782524609156706,3.5749690194507493
1235,3.4788442475833383,0.009025800175343782
1236,0.33621105653155586,16.934055858977082
1237,0.3168055861545667,19.733407783359954
1238,0.019555900379911527,7.110074088127064
1239,0.20864641405336376,3.993465287580856
1240,5.261289352210813,0.0
1241,0.16291569316495524,0.0
1242,0.22624672439528412,0.45339602880810265
1243,30.773766557840467,7.45004589473168
1244,0.07536543146412057,0.0
1245,6.06082481774335,0.0
1246,4.190979881417962,0.0
1247,8.414001353458396,0.03835965074521107
1248,6.024571187039052,0.0
1249,0.37893317736151644,8.384366642882684
1250,0.23436994455309354,3.8911728855936265
1251,7.2781044013913805,0.0
1252,18.09612763155259,0.0030086000584479272
1253,0.15088129293116354,8.316071421555916
1254,4.381424265117716,0.0
1255,0.20398308396276946,6.496770966212454
1256,0.08860327172129145,20.297219434313096
1257,16.853425377410677,0.0
1258,6.293088742255529,0.0
1259,10.461052833226365,0.0
1260,12.057115164232991,0.0
1261,0.13553743263307913,3.083965489912048
1262,0.04287255083288296,1.7660482343089332
1263,6.801692582136152,0.0
1264,7.446586004664464,0.0
1265,4.067627279021598,0.0
1266,0.1156806722473228,1.277902874825757
1267,8.596623377006186,0.0015043000292239636
1268,17.86807574712224,0.010530100204567745
1269,53.347292796375264,21.437930146473626
1270,13.74193119696383,0.0
1271,23.32703012317308,4.766525072599051
1272,0.17224235334614382,14.826381088031384
1273,6.688870079944354,0.0
1274,12.065388814393723,0.0
1275,9.013615345107068,0.0
1276,5.034140047797994,0.0
1277,25.302928211558758,0.1731449333636782
1278,0.12260045238175303,8.482597434791009
1279,4.8662601645366,0.0
1280,54.231670783556034,40.8987587645382
1281,0.42451346824700253,10.98800913346352
1282,11.145960636532037,0.0
1283,5.680989060364299,0.0
1284,0.589384751449949,0.0
1285,14.542218812510978,0.0015043000292239636
1286,0.4103730479722973,0.0
1287,20.750465033118275,0.10229240198722953
1288,6.547014587188534,0.0
1289,17.32201483651394,0.055659101081286654
1290,25.57625952686875,0.1729945033607558
1291,4.704848771400869,0.0
1292,54.15480105206269,28.28730903953618
1293,5.1589969502235835,0.0
1294,7.516084666014612,0.0
1295,14.956803900565102,0.0015043000292239636
1296,4.771338832692567,0.0
1297,3.7423976127033765,0.0
1298,9.04325005568278,0.0
1299,40.60707498887167,10.046768605178086
1300,8.747655099940271,0.010530100204567745
1301,28.410812071935467,0.09025800175343782
1302,0.3071780659675334,18.815183045521646
1303,0.12169787236421865,1.208855503484377
1304,10.467671753354951,0.0
1305,13.519294792638684,0.0030086000584479272
1306,5.115673109381933,0.0
1307,7.423720644220261,0.0
1308,47.1674778463203,13.343592549225324
1309,5.408109035063071,0.0
1310,6.348146123325126,0.0
1311,7.612510297887868,0.0
1312,0.10469928203398787,0.9642563187325607
1313,9.552906905583859,0.0
1314,6.938734314798454,0.0
1315,16.239370105481456,0.004512900087671891
1316,18.695741623201265,0.0
1317,12.50660001296511,0.004512900087671891
1318,9.120871937190737,0.0
1319,11.977838552692887,0.0
1320,4.010915167919854,0.004512900087671891
1321,12.104801475159391,0.0
1322,12.956987441714766,0.0
1323,6.742423160984727,0.0015043000292239636
1324,11.074355955140975,0.0
1325,38.60816111003887,7.161069859117756
1326,4.461603456675354,0.0
1327,32.77343258668788,2.6498245014780117
1328,18.07597001116099,0.0015043000292239636
1329,8.156013898446485,0.0
1330,6.225846530949218,0.0
1331,23.41864199495282,0.1489257028931724
1332,16.449821679569887,0.0330946006429272
1333,6.19651268037935,0.0
1334,23.393821044470624,0.3432812666689085
1335,7.296607291750836,0.0
1336,15.849605967909525,0.0015043000292239636
1337,9.533200575201025,0.0
1338,10.277829089666886,0.0015043000292239636
1339,18.14366351247607,0.016697730324385995
1340,9.726202268950459,0.0
1341,23.29664326258276,0.19315212375235694
1342,12.427624261430854,0.012034400233791709
1343,17.67522448337573,0.15569505302468023
1344,5.378323894484437,0.0
1345,18.405110857555194,0.0
1346,10.673610427355712,0.0
1347,10.746117688764306,0.0060172001168958544
1348,25.142268968437637,0.19255040374066734
1349,6.850582333085931,0.0
1350,12.519386563213514,0.0015043000292239636
1351,12.565267714104845,0.0
1352,43.894722702740644,16.749177385385455
1353,4.1669110809503795,0.0
1354,9.013314485101223,0.0
1355,11.39597530138906,0.0
1356,8.096293187286294,0.0
1357,7.734358600255009,0.0
1358,13.781644717735343,0.0
1359,10.258423619289898,0.0
1360,10.530701924579434,0.0
1361,27.46250133351268,4.2406217823823535
1362,9.774339869885626,0.0
1363,27.277171569912287,5.559742478008847
1364,20.145435561364398,0.9523723485016914
1365,10.80087420982806,0.0
1366,9.161036747971016,0.0
1367,15.186961805036368,0.03835965074521107
1368,5.225186151509438,0.0
1369,16.072693662243438,0.007521500146119818
1370,45.86129413094513,28.2861055995128
1371,5.071747548528593,0.0
1372,24.68044885946588,0.04212040081827098
1373,11.764829668554775,0.0
1374,19.311602055165555,0.0
1375,21.844091154364097,0.10379670201645348
1376,21.81475730379423,0.9122075377214115
1377,17.70681478398943,0.06468490125663043
1378,16.94909885926932,0.12199873237006345
1379,18.458513508592645,0.1159815322531676
1380,8.651229468067015,0.0
1381,8.919747023283492,0.0
1382,10.215701498459937,0.0
1383,12.170388956433555,0.0
1384,57.080363748897454,44.43100566315899
1385,14.556359232785685,0.0
1386,29.62387961550167,3.528486148547729
1387,20.3576922954879,0.15494290301006824
1388,8.01445926569651,0.0
1389,15.951898369896755,0.021361060414980284
1390,12.086298584799936,0.0
1391,11.734292377961529,0.0
1392,9.488222004327229,0.0
1393,23.20262451075626,2.0100456990490603
1394,10.226081168661581,0.0
1395,8.447998534118858,0.0
1396,9.167655668099602,0.0
1397,9.673702197930544,0.22158339430468985
1398,7.305332231920334,0.0
1399,17.027472890791888,0.13989990271782862
1400,14.135004794600052,0.007521500146119818
1401,0.03474933067507356,2.195525892652375
1402,6.564163607521688,0.0
1403,17.244392955005985,0.06032243117188094
1404,19.87375897608655,0.0030086000584479272
1405,21.04184794877896,0.013538700263015672
1406,7.529322506271782,0.0
1407,17.489894719775336,0.6488046026042955
1408,7.891257093303068,0.0
1409,17.149020333153185,0.0015043000292239636
1410,17.705310483960208,0.015043000292239636
1411,21.629427540193838,0.6868633933436618
1412,33.61824748310006,7.908406113636222
1413,10.063015045493705,0.0
1414,12.796328198593645,0.0
1415,8.609861217263356,0.0
1416,9.378107242188033,0.0
1417,11.794614809133408,0.0
1418,15.881797988534919,0.004512900087671891
1419,10.086782985955443,0.0
1420,9.758394289575852,0.0
1421,10.803581949880662,0.0
1422,0.2980018357892672,5.413975805177045
1423,0.3846495174725675,0.0015043000292239636
1424,10.608624666093236,0.032041590622470424
1425,18.01745274002418,0.10830960210412538
1426,15.821325127360115,0.0015043000292239636
1427,0.1071061620807462,0.0
1428,30.73811464714786,7.703370019652995
1429,10.113409096472708,0.0
1430,5.769441902082668,0.0
1431,27.81465797035401,1.253232354346484
1432,15.218100815641305,0.010530100204567745
1433,21.239663402621908,0.4759605292464621
1434,13.792024387936987,0.0
1435,11.243439278425749,0.0
1436,18.835039805907403,0.7637331248370063
1437,10.384935251747633,0.0
1438,5.335752203657399,0.0
1439,12.62829788532933,0.0
1440,7.317667492159971,0.0
1441,17.14179969301291,0.07371070143197421
1442,9.836617891095498,0.0
1443,6.840052232881362,0.0
1444,21.916147125763924,0.08875370172421385
1445,10.544090194839528,0.0
1446,12.762481447936107,0.0015043000292239636
1447,8.079445026958986,0.0
1448,14.544625692557737,0.0030086000584479272
1449,12.460869292076703,0.041217820800736604
1450,11.049685434661702,0.0
1451,11.813568989501631,0.0
1452,14.269940507221442,0.015043000292239636
1453,0.019706330382833922,0.7013046736242118
1454,18.85294097625517,0.0
1455,9.598186336463499,0.0
1456,11.840345530021818,0.0
1457,25.95729872427118,1.469851558554735
1458,5.121539879495907,0.0
1459,15.097155093291699,0.0
1460,26.06395359634316,0.6772358731566284
1461,9.67355176792762,0.027528690534798533
1462,8.490419794942973,0.0
1463,30.515478242822713,8.259208880451249
1464,15.800565786956824,0.0330946006429272
1465,9.940865883120718,0.0
1466,9.72936129901183,0.0
1467,7.723978930053364,0.0
1468,12.320668529353028,0.0
1469,10.189075387942673,0.0
1470,21.089835119711204,0.21661920420825076
1471,20.709698502326308,0.31891160619548026
1472,2.4268872371470205,4.195342351502712
1473,1.4895578889375687,8.903801442973718
1474,0.45640462886655053,1.3340132659158108
1475,10.36598107137941,0.07671930149042214
1476,2.7880696741636943,2.065103080118657
1477,1.081290861006185,1.6705251824532115
1478,0.18909051367345223,1.2860260949835665
1479,2.89201680618307,1.9258048974125181
1480,3.2790732037023957,3.7431497627179886
1481,2.2454686536226105,0.3014617258564823
1482,2.5076681487163475,0.0
1483,5.308524373128445,0.0
1484,23.493856996414017,2.9646744975945873
1485,0.9030313075431453,1.842165815787666
1486,7.452001484769671,0.0015043000292239636
1487,5.828109603222402,0.0
1488,1.7391212637858242,2.0939856406797572
1489,3.532246898620789,9.677763808009447
1490,1.925654467409596,2.262467243952841
1491,1.2675232046241118,1.290388565068316
1492,7.088412167706239,1.6259979015881822
1493,7.997611105369202,0.0
1494,8.472969914603976,0.0
1495,5.060164438303569,7.847331532449728
1496,7.17821887945091,0.304771185920775
1497,1.6393861718482756,11.091053685465361
1498,0.2907811956489922,4.78653226298773
1499,44.832653770961784,15.42178303959823
1500,5.002098457175523,1.2609042844955263
1501,4.292068843381813,0.0
1502,2.0378752495897037,3.452970287080686
1503,2.085561560516103,0.445573668656138
1504,3.9495397267275165,0.7252230440888728
1505,4.129002720213935,0.0
1506,32.94672795005448,0.6397788024289517
1507,3.5993386799241778,5.084834958782841
1508,4.275070253051582,0.37893317736151644
1509,6.9303102346348,1.9244510273862165
1510,9.447154613529413,0.0
1511,2.644860311381573,0.6558748127416482
1512,3.970599927136652,1.1658325226485717
1513,4.5649488686830395,4.750429062286354
1514,17.277186695643067,1.1052092314708462
1515,16.969406909663842,0.039111800759823054
1516,2.1203108911911768,1.320324135649873
1517,1.184937133019716,0.3831452174433435
1518,0.6602372828263976,0.018051600350687563
1519,6.957086775154987,0.0
1520,1.661198522272023,0.0
1521,3.0022819983251865,1.246763864220821
1522,1.3304029458456734,13.798192018056806
1523,12.382645690557057,1.0217205798489162
1524,15.520765981521167,0.14305893277919893
1525,39.07614884913045,15.487520950875318
1526,39.9281843856829,0.0
1527,3.9283290963154585,0.03956309076859024
1528,3.8660510751055863,4.215048681885546
1529,6.3296432329656716,0.0
1530,6.442164875151624,22.907179985016672
1531,0.5907386214762506,0.3151508561224204
1532,10.400730402054485,0.0
1533,10.661726457124843,0.0
1534,12.235525147698953,1.1255172818653696
1535,3.4725261874605975,0.37411941726799974
1536,5.572679458260173,0.12049443234083948
1537,2.921651516758782,5.565759678125743
1538,0.5162757700296643,0.8733965969674332
1539,1.8158405652762464,1.8528463459951559
1540,4.39481253537781,7.06840497731756
1541,7.588591927423207,0.0
1542,5.1301143896624835,2.6860781321823093
1543,0.7452302344775515,5.400587534916951
1544,6.7361051008619865,0.04663330090594287
1545,17.17639859368506,4.223773622055045
1546,8.33577775193875,0.0
1547,20.165894041761845,0.5910394814820953
1548,9.2630282899524,0.0
1549,10.33017873068388,0.052800931025761125
1550,2.7593375436055165,1.203891313387938
1551,10.640214966706939,0.0
1552,5.977637026127264,0.0
1553,4.686345881041413,0.5240981301816289
1554,7.176263289412918,5.218115941372085
1555,1.1122794416081987,2.7530194834827757
1556,10.068580955601833,0.0
1557,1.733705783680618,0.7298863741794671
1558,5.024512527610961,0.08273650160731799
1559,4.5739746688583836,0.027077400526031345
1560,13.133291405139815,0.0
1561,8.205354939405032,0.0
1562,8.61332110733057,0.0
1563,1.7681542543498467,0.5031883597754159
1564,4.996081257058628,1.2637624545510517
1565,1.3430390660911546,8.08410835704958
1566,3.420627836452371,2.38416511631706
1567,11.729027327859244,0.35305921685886427
1568,1.8066643350979803,0.24444875474889408
1569,12.232516547640504,0.8172862058773794
1570,3.931939416385596,0.0
1571,2.4762282781055664,0.004512900087671891
1572,3.6975694718325025,2.904652926428551
1573,33.34010240769655,7.300518471826818
1574,6.199671710440721,1.8162918552850136
1575,5.836533683386056,0.0
1576,0.9349224681626934,2.097595960749895
1577,2.5898029303119756,7.348204782753218
1578,7.654179408697372,0.3602798569991393
1579,8.01130023563514,0.0
1580,4.2133939518534,0.0
1581,8.720276839408395,0.0
1582,9.239260349490662,2.4829976282370745
1583,5.82043767307336,0.0
1584,5.042864987967493,0.0
1585,9.866553461677055,0.3008600058447927
1586,13.75321344718301,0.0
1587,14.402770199801918,0.5988618416340599
1588,23.74672983132657,1.9760485183885985
1589,8.5712007065123,3.9597689669262395
1590,13.54351402310919,0.0
1591,54.11027377119766,0.0
1592,5.8330737933188415,0.0
1593,6.810116662299806,0.24159058469336855
1594,2.9551974074104765,1.7768791945193458
1595,16.039147771591743,0.0
1596,7.105561188039392,0.0
1597,3.1636933914609178,1.685116892736684
1598,7.215976810184431,0.0
1599,5.870230004040673,3.6516883209411715
1600,13.123212594944013,4.350134824509858
1601,0.12275088238467544,2.225461463233932
1602,7.6221378180749015,6.191698920285834
1603,6.113024028757421,1.6754893725496507
1604,6.238783511200544,0.004512900087671891
1605,8.935993463599111,10.155228637285134
1606,16.482464990204047,0.0
1607,17.7663850651467,0.0330946006429272
1608,6.8908975738691325,0.2679158352047879
1609,5.0207517775379005,0.908597217651274
1610,2.502252668611141,0.0497923309673132
1611,5.5853155785056545,0.0
1612,11.831921449858163,0.0
1613,4.4861235471517045,0.039111800759823054
1614,14.19322120573102,7.215525520175664
1615,4.818724283613123,0.0
1616,18.769301894630317,0.0
1617,29.206285927389096,1.8489351659191737
1618,20.049160359494063,8.692296858864829
1619,8.515090315422245,0.0
1620,4.820529443648192,1.923849307374527
1621,6.364392563640745,0.0
1622,34.699087054097475,4.362620514752416
1623,0.14576667283180209,0.1444128028055005
1624,7.633420068294081,0.46843902910034224
1625,6.835689762796613,0.0
1626,8.138564018107488,0.0
1627,11.389657241266319,0.22474242436606015
1628,12.13052500565912,1.0092348896063572
1629,4.669046430705338,0.0
1630,11.28435623922064,2.1500960317698112
1631,6.49526666618323,0.0
1632,5.820888963082127,0.12350303239928741
1633,16.423345999055545,0.0
1634,8.466952714487078,0.012034400233791709
1635,15.600343453067115,0.0
1636,15.277520666795652,0.004512900087671891
1637,1.362895826476911,0.5162757700296643
1638,4.8291039538147675,2.290447224496407
1639,19.550635329809243,0.02557310049680738
1640,15.683832104689044,0.01368913026593807
1641,9.303493960738525,0.0
1642,12.176707016556296,0.0
1643,7.6624530588581035,0.0
1644,5.011124257350867,0.0060172001168958544
1645,1.8026027250190755,3.8884651455410233
1646,26.252592820007845,0.33380417648479754
1647,12.119393185442863,3.0004768382901177
1648,20.214482932705778,0.060172001168958544
1649,8.088922117143097,0.0
1650,22.613841479318,1.0817421510149523
1651,10.776053259345863,0.11748583228239155
1652,13.212868876685762,0.007671930149042215
1653,6.0366055872728435,0.0
1654,8.491322374960507,0.2112037241030445
1655,16.571068261925337,2.831694375011189
1656,9.745908599333292,0.0
1657,20.354232405420685,3.140978461019636
1658,1.606141141202426,1.2369859140308652
1659,6.190645910265378,0.0
1660,6.889393273839908,0.0
1661,7.324286412288556,0.0030086000584479272
1662,12.745181997600032,0.0
1663,14.698515585547348,0.0
1664,7.428383974310854,0.0
1665,17.51712255030429,10.552965565011949
1666,8.91583584320751,0.0
1667,14.118758354284433,0.007521500146119818
1668,9.56810033587902,0.0864972516803779
1669,14.827283668048919,0.9350728981656158
1670,6.764536371414319,0.0
1671,5.768539322065133,0.0
1672,8.673643538502452,0.0
1673,10.732879848507135,0.0015043000292239636
1674,2.9168377566652652,1.967474008222022
1675,10.801927219848515,0.0
1676,17.284106475777495,0.3505019068091835
1677,9.287247520422907,0.0
1678,10.19148226798943,0.0
1679,9.615636216802498,1.45510941826834
1680,29.33565572990236,2.6884850122290676
1681,16.712923754681157,0.10876089211289257
1682,9.603451386565784,0.0
1683,12.504945282932965,0.0
1684,10.455186063112391,0.17028676330815268
1685,5.950258765595388,1.2971579151998238
1686,15.960623310066254,0.0
1687,12.377681500460618,11.189886197385375
1688,6.052852027588463,0.0
1689,16.73563868512244,0.0
1690,20.14378083133225,0.34944889678872676
1691,7.864480552782882,0.0015043000292239636
1692,8.004831745509478,0.0
1693,15.093996063230328,12.89079824042891
1694,9.062053806048079,4.955766016275426
1695,8.688686538794691,1.563268590369543
1696,6.313998512661742,0.039111800759823054
1697,9.779153629979142,0.7890053653279689
1698,17.23461500481603,6.671570629608278
1699,28.527997044212015,1.0391704601879141
1700,10.3954653519522,0.1159815322531676
1701,12.708777936892812,0.0
1702,7.012294586227506,0.9877233991884545
1703,45.77855762933782,12.011986163356271
1704,8.304789171336736,0.0
1705,11.01448481397786,22.05589659847883
1706,10.12800080675618,0.0
1707,4.295528733449028,2.5463286594674033
1708,25.77392455070878,1.3610906664418423
1709,13.160519235668769,0.39894036775019515
1710,18.472503498864427,0.15524376301591306
1711,9.451667513617085,0.0
1712,6.492709356133549,0.1775074034484277
1713,9.182096948380151,0.0
1714,20.46389587755111,1.606893291217038
1715,17.139091952960307,0.4715980591617126
1716,17.493655469848395,0.0015043000292239636
1717,10.320551210496847,0.0
1718,6.083539748184632,0.27483561533921813
1719,13.746143237045658,0.0015043000292239636
1720,24.878414743311755,0.04212040081827098
1721,14.340943468600813,0.0030086000584479272
1722,14.332519388437158,0.0
1723,12.735103187404231,0.0
1724,13.78089256772073,0.0
1725,9.15381610783074,0.0
1726,11.003804283770371,0.3554660969056226
1727,18.44121405825657,4.734032191967813
1728,15.404784449268,2.821765994818311
1729,10.388996861826538,0.0
1730,9.88009216194007,0.0030086000584479272
1731,11.629292235921696,0.0
1732,12.568276314163294,0.0015043000292239636
1733,9.446252033511879,0.0
1734,12.034701093797553,0.0
1735,19.541459099630977,0.18969223368514182
1736,5.61269383903753,0.0
1737,11.689163377084808,0.0
1738,17.241233924944613,3.1160070805345184
1739,7.746543430491723,3.275462883632258
1740,17.92884946830289,0.0
1741,13.23468122710951,0.0
1742,16.983848189944393,0.007521500146119818
1743,10.234806108831082,0.0
1744,10.388696001820692,0.0
1745,14.956202180553413,0.0
1746,9.17698232828079,0.0
1747,15.289705497032365,0.06784393131800076
1748,10.907228221894194,0.039111800759823054
1749,5.740559341521568,0.010530100204567745
1750,8.709746739203826,1.2600017044779919
1751,5.433230845551112,0.0
1752,17.441155398828478,0.2695705652369343
1753,12.623634555238736,0.1687824632789287
1754,12.634315085446225,2.9404552671240816
1755,23.02120592723185,0.37502199728553415
1756,2.8268806149176724,0.8633177867716327
1757,27.41421330257459,0.28972818562853536
1758,6.829371702673872,2.7322601430794853
1759,14.475879181222203,0.0
1760,10.834420100479752,0.0
1761,13.07146467393871,0.0
1762,12.912159300843891,0.007521500146119818
1763,13.145325805373606,0.07551586146704298
1764,12.108261365226605,0.0
1765,10.319197340470545,0.03459890067215116
1766,12.369106990294041,0.0
1767,16.919915438702375,0.13448442261262233
1768,15.535959411816329,0.0
1769,9.493938344438279,0.11883970230869312
1770,10.36778623141448,0.0
1771,13.999016071958206,0.004512900087671891
1772,10.091897606054804,0.0
1773,13.200082326437359,0.0
1774,8.468607444519225,0.0
1775,7.925103843960607,0.018051600350687563
1776,9.330420931261635,2.0837564004810343
1777,7.65282553867107,0.0
1778,20.168902641820292,0.0
1779,12.75826940785428,0.0
1780,9.31447535095186,0.0015043000292239636
1781,4.549003288373266,0.0
1782,15.77138236638988,1.0412764802288277
1783,5.938976515376209,0.0
1784,10.899556291745151,0.0
1785,11.934815571857083,0.0
1786,10.513101614237515,0.0
1787,12.822803879107989,0.0030086000584479272
1788,10.441647362849377,0.0
1789,6.055258907635221,0.0
1790,12.886134910338317,0.0060172001168958544
1791,7.9044949335602395,5.623825659253788
1792,12.40731621103633,0.0
1793,11.224184238051683,4.698982001286895
1794,14.773730587008547,0.0030086000584479272
1795,14.227218386391481,0.49852502968482154
1796,0.9877233991884545,0.19330255375527933
1797,11.456448162563863,0.0
1798,8.652282478087471,0.03459890067215116
1799,3.4132567663091735,0.0
1800,10.390200301849916,0.0
1801,17.052444271277007,0.31620386614287715
1802,14.055427323054104,0.004512900087671891
1803,9.88249904198683,1.2980604952173582
1804,7.333763502472667,0.13884689269737183
1805,9.818115000736043,0.024068800467583418
1806,14.251287186859065,0.015043000292239636
1807,10.554921155049941,0.0
1808,11.860202290407575,0.3974360677209712
1809,15.046911472315617,0.0
1810,14.446996620661102,2.0104969890578275
1811,10.263237379383414,0.0
1812,7.393785073638703,0.08574510166576592
1813,6.026526777077043,0.8336830761959206
1814,7.2928465416777755,1.877516866474429
1815,19.97108718797734,0.22414070435437058
1816,8.444989934060409,2.8410210351923775
1817,9.89197613217094,0.039111800759823054
1818,40.30561326301519,14.990048931210952
1819,15.413208529431653,0.0
1820,11.15814546676875,0.0015043000292239636
1821,8.078692876944373,0.0
1822,21.20220633189423,0.0
1823,10.974771293206349,0.0
1824,13.992547581832541,0.0
1825,9.425342263105666,0.0
1826,10.247141369070718,2.978965347872215
1827,12.65778216590212,0.0
1828,17.200617824155568,0.02557310049680738
1829,16.24990020568602,0.03820922074228868
1830,10.935960352452371,0.0
1831,7.2259051903773095,0.0
1832,11.461261922657378,0.8485756464852379
1833,17.994737809582897,0.0015043000292239636
1834,13.390225850131268,0.0
1835,18.08424366132172,0.012034400233791709
1836,11.548511324352368,0.0
1837,15.942722139718489,0.0
1838,8.709145019192137,0.0330946006429272
1839,10.666540217218358,0.0
1840,16.104885682868833,0.004512900087671891
1841,10.916554882075381,3.2936649139858685
1842,10.07279299568366,0.0
1843,19.028342359662684,0.26219949509373686
1844,8.43190252380616,0.0
1845,7.485396945418443,0.0
1846,9.820672310785724,0.0
1847,5.976433586103885,0.0
1848,10.512951184234591,0.0
1849,7.582273867300466,0.0
1850,1.3072367253956243,0.0
1851,13.1587140756337,0.0
1852,5.672865840206489,1.4496939381631337
1853,16.003495860899136,0.0
1854,23.897460694254807,0.0015043000292239636
1855,8.968937634239115,0.0
1856,7.274794941327088,0.0
1857,27.370588601727096,6.682401589818691
1858,13.642346535029203,3.0607992694619988
1859,14.472268861152065,0.1987180338604856
1860,24.736559250555935,3.059144539429852
1861,11.110459155842351,0.6227802120987209
1862,6.771907441557517,2.1463352816967514
1863,10.618101756277348,0.0
1864,10.183960767843312,0.0
1865,7.3217291022388755,0.12229959237590823
1866,14.373586779234973,0.46813816909449746
1867,7.357381012931484,15.545586932003362
1868,2.342796865513401,10.169669917565683
1869,15.411553799399506,0.0
1870,1.7806399445924057,0.0
1871,3.6880923816483917,0.0030086000584479272
1872,11.781226538873316,0.0
1873,1.8561558060594487,0.5165766300355091
1874,7.148433738872275,0.023015790447126643
1875,10.877443081315558,0.0
1876,7.035159946671711,1.5599591303052502
1877,3.9105783559706158,0.0
1878,6.797630972057247,5.321912643388538
1879,7.550683566686763,0.0
1880,8.292905201105867,0.027077400526031345
1881,4.5082367575812965,9.941618033135331
1882,13.731401096759262,4.337348274261454
1883,5.817278643011989,0.0
1884,5.415329675203346,2.0679612501741826
1885,5.489190806638243,1.457365868312176
1886,3.832806044459737,0.0
1887,8.69365072889113,0.0
1888,6.711434580382714,0.0
1889,2.8312430850024217,0.0
1890,2.9706916977114832,2.4682554879506795
1891,6.522193636706339,0.1856306236062371
1892,5.409312475086451,0.0
1893,4.82233460368326,0.02557310049680738
1894,8.353528492283592,0.0
1895,10.10423286629444,0.004512900087671891
1896,10.218710098518384,5.154032760127144
1897,10.248344809094096,0.0
1898,12.419049751264277,0.0
1899,5.277084502517664,4.599096479346424
1900,13.120956144900177,0.0
1901,4.254912632659981,0.0
1902,2.310153554879241,0.0
1903,13.996157901902679,0.0
1904,5.4776076964132185,0.0
1905,3.3001334041115316,0.0
1906,6.140703149295142,0.0
1907,1.7645439342797093,0.0
1908,2.6830695321238616,0.04061610078904702
1909,0.5541841307661082,0.26535852515510716
1910,9.002934814899577,1.942051337728137
1911,5.097019789019556,0.0
1912,5.0320340277570805,0.02557310049680738
1913,4.115313589947998,0.4819777293633579
1914,7.16197243913529,0.8172862058773794
1915,14.94281391029332,0.0
1916,5.779520712278468,1.4844432688382072
1917,5.261891072222502,0.0
1918,27.412408142539523,0.0
1919,0.0496419009643908,0.0
1920,16.368138187983025,0.0
1921,20.394397216200964,0.8384968362894373
1922,12.238834607763245,0.03610320070137513
1923,5.324921243446986,6.822602352542365
1924,0.31665515615164436,0.15208473295454272
1925,3.170914031601193,0.0
1926,7.797087911473648,0.18833836365884024
1927,5.524541857325007,3.830549594415901
1928,8.319681741626052,0.0
1929,5.818181223029524,0.0
1930,16.305108016758542,0.14757183286687084
1931,3.86439634507344,0.0015043000292239636
1932,8.773077770434156,0.0
1933,9.27431054017158,0.0
1934,7.098039687893272,1.1327379220056446
1935,1.111978581602354,0.0
1936,20.819512404459655,0.0
1937,5.282650412625793,0.0
1938,26.380608752494805,0.0
1939,5.860752913856563,0.0
1940,8.257855010424947,0.3106379560347485
1941,9.107483666930642,0.12997152252495045
1942,6.256383821542465,0.4958172896322184
1943,6.0337474172173176,0.0
1944,2.3339214953409795,0.0
1945,12.499529802827759,0.616763011981825
1946,7.287581491575492,2.369422976030665
1947,0.6985969335716087,0.0015043000292239636
1948,7.046141336885046,0.0
1949,6.891198433874977,1.7937273548466541
1950,12.084944714773634,0.0
1951,4.871675644641806,0.0
1952,0.5108602899244581,2.133247871442503
1953,5.991627016399047,0.027077400526031345
1954,6.704665230251206,0.0
1955,13.099143794476431,0.9725299688932925
1956,7.473813835193418,0.007521500146119818
1957,10.927235412282872,3.505019068091835
1958,4.225578782090114,0.0
1959,6.428174884879842,0.0
1960,7.569637747054985,1.184937133019716
1961,9.150055357757681,0.0
1962,22.013475337654715,0.7984824555120799
1963,5.1981087509834065,0.0
1964,3.942018226581397,0.0
1965,9.788931580169098,0.0
1966,6.80409946218291,1.04142691023175
1967,11.109255715818971,5.084534098776997
1968,12.925096281095218,0.0
1969,4.830307393838147,0.0
1970,8.499596025121239,1.0346575601002421
1971,5.8869277343650595,0.3623858770400528
1972,2.175819562269541,0.0015043000292239636
1973,22.2034684313457,0.0496419009643908
1974,8.880334362517825,0.0
1975,11.628088795898316,0.0
1976,0.49295911957669286,13.076128004029304
1977,11.214857577870493,0.0
1978,4.690858781129085,2.3646092159371483
1979,8.916136703213354,0.0
1980,0.7820855851935387,0.0
1981,8.793536250831602,0.0
1982,7.913219873729738,0.0
1983,4.187219131344903,0.0
1984,3.5131422882496444,0.0
1985,7.584680747347225,0.007671930149042215
1986,2.611916140741568,0.0
1987,3.191071651992794,0.0
1988,3.4869674677411475,0.0
1989,10.076854605762565,0.0
1990,9.713415718702056,0.0
1991,8.022432055851398,0.0
1992,5.67166240018311,0.0
1993,5.70430571081727,0.0
1994,9.307706000820353,0.0015043000292239636
1995,12.09727997501327,0.0
1996,9.314324920948938,0.0
1997,8.671236658455694,0.0
1998,6.094370708395044,0.031590300613703236
1999,7.3643007930659135,0.2575361650031426
2000,0.09431961183234251,0.9349224681626934
2001,9.596682036434276,1.0674513007373245
2002,5.424054615372846,0.02602439050557457
2003,0.9692205088289998,1.2383397840571668
2004,7.3041287918969555,0.0
2005,5.02631768764603,1.1801233729261995
2006,0.7870497752899778,0.0030086000584479272
2007,7.578964407236174,0.0
2008,18.691529583119436,0.0
2009,20.52466959873176,0.024068800467583418
2010,4.581797029010349,3.6402556407190696
2011,3.3396964948801218,0.0
2012,4.617298509700034,0.0
2013,5.76959233208559,0.0
2014,10.023903244733882,0.21361060414980282
2015,10.15628164730559,0.5105594299186133
2016,22.325918453724533,3.2730560035855
2017,7.470203515123281,0.4466266786765948
2018,9.123730107246262,0.0
2019,14.481595521333253,0.0030086000584479272
2020,14.94717638037807,0.0
2021,2.4720162380237394,0.0
2022,31.27966265766849,0.4458745286619828
2023,10.830208060397926,0.0
2024,4.288157663305831,0.4502369987467323
2025,4.567054888723954,0.0
2026,6.970625475418003,0.0
2027,6.98551804570732,2.7676111937662484
2028,20.098952690461378,0.0
2029,2.486006228295522,0.0
2030,9.062956386065613,1.758677164165736
2031,5.035193057818451,0.0
2032,6.182071400098801,0.0828869316102404
2033,8.343299252084869,0.02858170055525531
2034,13.11478851478036,0.02557310049680738
2035,13.944560410900298,0.7425224944249484
2036,3.4913299378258973,0.0
2037,8.39038384299958,0.06483533125955283
2038,10.69542277777946,0.0
2039,10.782822609477371,0.0
2040,8.375491272710262,1.825919375472047
2041,12.780533048286795,0.009025800175343782
2042,8.535699225822615,0.0
2043,10.52287956442747,0.0
2044,8.664918598332953,0.0
2045,1.603132541143978,1.268425784641646
2046,4.443702286327588,0.6924293034517904
2047,11.93842589192722,0.0030086000584479272
2048,9.121323227199504,0.0
2049,16.913747808582556,0.0
2050,4.012569897952001,5.634205329455433
2051,5.671361540177265,0.0
2052,5.607880078944014,0.012034400233791709
2053,0.20759340403290696,0.0
2054,0.7443276544600171,0.0
2055,6.556942967381413,0.0
2056,13.451902151329449,0.0
2057,5.145909539969335,0.0
2058,5.737701171466042,3.003936728357333
2059,10.734534578539282,0.0
2060,8.017618295757881,0.09777950189955763
2061,19.603887550843773,0.18081686351272042
2062,19.00246839916003,0.12636120245481294
2063,8.870105122319101,0.0
2064,8.580828226699333,0.0
2065,6.912258634284113,0.0
2066,5.910996534832643,0.0
2067,11.518876613776657,0.759821944761024
2068,17.441155398828478,0.0
2069,14.383063869419082,0.0030086000584479272
2070,13.159014935639544,0.2919846356723713
2071,7.628756738203487,0.0015043000292239636
2072,4.592627989220761,0.0
2073,1.883985356600092,0.0
2074,24.041572637054465,0.0
2075,16.696978174371385,0.03459890067215116
2076,6.358676223529694,0.027077400526031345
2077,11.921728161602834,1.6461555219797834
2078,6.951972155055626,0.0
2079,15.101517563376449,0.0
2080,12.79527518857319,0.0
2081,10.546797934892131,0.0
2082,0.7357531442934406,0.0
2083,22.26604731256142,0.0
2084,7.233577120526351,0.0
2085,11.430273342055365,0.0
2086,10.109347486393803,0.0
2087,4.704848771400869,0.7572646347113433
2088,11.205530917689305,0.0
2089,4.533358568069337,0.0
2090,6.630202378804619,0.0
2091,13.890856899857003,0.0
2092,9.887914522092036,0.0015043000292239636
2093,4.918760235556516,0.0
2094,6.054055467611842,8.50094989514754
2095,3.458686627191737,1.019012839796313
2096,9.0420466156594,0.0015043000292239636
2097,10.784026049500751,0.0
2098,7.8750106529874495,0.0
2099,10.027212704798174,0.0
2100,10.411561362264896,0.16968504329646308
2101,7.113383548191357,0.15373946298668908
2102,16.33068111725535,0.0
2103,0.17525095340459176,0.0
2104,8.461838094387717,0.0
2105,11.582207645006985,9.632634807132728
2106,11.901119251202466,0.0
2107,15.39425434906343,4.139683250421426
2108,9.029560925416842,0.0
2109,5.840745723467883,0.0
2110,7.833341542177946,0.0030086000584479272
2111,10.359963871262515,0.0
2112,5.649850049759363,0.49491470961468403
2113,23.86602082364403,0.0
2114,11.698490037265998,0.0
2115,8.135254558043195,0.0
2116,15.380113928788726,0.009025800175343782
2117,5.636461779499269,0.0
2118,9.107784526936488,0.0
2119,15.300837317248623,0.0
2120,13.962461581248062,0.0
2121,14.506717331821292,0.0
2122,5.228044321564963,0.0
2123,6.317157542723113,0.0
2124,12.399343420881442,0.0
2125,6.9928891158505175,0.0
2126,12.042974743958286,0.0
2127,6.105352098608378,8.387074382935287
2128,1.7263347135374205,0.0
2129,4.582850039030805,1.9596516480700574
2130,11.598905375331372,0.0
2131,14.93408897012382,1.7320510536484717
2132,2.7992014943799512,0.0
2133,5.197958320980484,0.0
2134,1.8379537757058386,4.531854268040113
2135,13.135999145192418,0.0
2136,18.43504642813675,0.0015043000292239636
2137,8.581129086705179,0.0
2138,18.74327750412474,0.013538700263015672
2139,8.397754913142776,0.0
2140,6.96039623521928,4.2428782324261896
2141,6.8540422231531455,2.462840007845473
2142,12.0363558238297,0.0030086000584479272
2143,3.912533946008607,0.0
2144,9.702283898485797,0.0
2145,3.4845605876943893,0.0
2146,5.2435386118659695,0.0
2147,4.022046988136111,0.0
2148,5.815323052973999,2.215683513043976
2149,6.041268917363438,6.101892208541163
2150,3.946380696666146,0.012034400233791709
2151,13.498685882238314,1.147329632289117
2152,7.476972865254789,0.0
2153,11.767236548601533,0.0
2154,1.0963338612984246,0.6898719934021097
2155,10.7306233984633,0.0
2156,11.377021121020837,4.156531410748734
2157,8.88815672266979,0.0060172001168958544
2158,8.428442633738946,0.2632525051141936
2159,4.917707225536059,0.0
2160,8.689589118812226,0.010530100204567745
2161,0.6844565132969035,0.18036557350395324
2162,8.794438830849137,0.0
2163,14.99365925128109,0.015193430295162033
2164,9.066265846129907,0.0165473003214636
2165,14.95845863059725,5.361776594162974
2166,10.840136440590804,0.0060172001168958544
2167,13.920341180429793,0.0
2168,8.970592364271262,0.0
2169,16.218309905072317,0.0
2170,3.469216727396305,0.3110892460435157
2171,13.141715485303468,0.0
2172,8.619187877444544,0.0
2173,3.979776157314918,0.5162757700296643
2174,13.210461996639003,3.653643910979163
2175,11.030279964284713,0.0015043000292239636
2176,11.006361593820053,0.0
2177,9.548694865502032,0.004512900087671891
2178,6.037056877281611,0.0
2179,10.755594778948417,0.0
2180,5.722206881165035,0.0
2181,2.3775461961884745,0.0
2182,7.64906478859801,0.4354948584603375
2183,6.333704843044576,0.24128972468752377
2184,36.62564410152461,0.0
2185,7.787009101277848,0.0
2186,5.981397776200324,8.474022924624432
2187,7.82732434206105,5.988016696328909
2188,13.395942190242318,0.0060172001168958544
2189,9.884755492030665,3.003184578342721
2190,9.820672310785724,0.0
2191,4.774197002748093,0.05114620099361476
2192,14.347261528723553,0.0
2193,13.325540948874636,0.0
2194,9.02008383523273,0.5171783500471987
2195,7.183183069547349,0.0
2196,11.094212715526732,0.0
2197,14.299575217797154,0.07235683140567264
2198,4.93094506579323,0.5280093102576112
2199,9.394052822497807,3.5403701187785983
2200,5.173137370498289,0.0
2201,9.924920302810945,0.0
2202,9.191724468567184,0.27889722541812284
2203,14.814647547803439,0.004512900087671891
2204,13.977203721534458,0.031590300613703236
2205,7.941651144282071,0.0
2206,10.023752814730958,0.0
2207,8.73622241971817,0.7261256241064072
2208,9.28995526047551,0.0
2209,10.923625092212735,5.633152319434976
2210,8.12111413776849,0.0
2211,10.25857404929282,0.0
2212,32.42052379983194,0.0
2213,10.700988687887588,0.30010785583018074
2214,0.11432680222102123,0.004512900087671891
2215,9.440836553406672,0.0
2216,6.9470079649591865,2.794989454298124
2217,4.095306399559319,0.0
2218,8.588951446857143,1.4588701683413998
2219,5.640072099569407,7.153849218977482
2220,5.0490326180873115,0.0
2221,8.518249345483616,0.0
2222,6.3568710634946255,0.0
2223,10.017133894602374,0.10244283199015192
2224,12.578355124359094,0.0
2225,8.316673141567605,0.07972790154887006
2226,8.30945250142733,0.0
2227,9.733122049084889,0.0
2228,13.260705617615084,0.0030086000584479272
2229,9.859031961530935,0.0
2230,6.513919986545607,0.0
2231,2.3775461961884745,0.0
2232,14.632326384261495,0.0030086000584479272
2233,8.061092566602454,0.0
2234,15.74821614593983,0.0
2235,3.4812511276300966,0.0
2236,7.106614198059849,0.060172001168958544
2237,1.974694648362297,0.018051600350687563
2238,7.830032082113653,0.0030086000584479272
2239,6.732344350788926,5.362227884171741
2240,7.725182370076743,0.0
2241,1.8307331355655636,0.0
2242,6.523246646726796,0.0
2243,13.909209360213534,0.0
2244,5.231052921623411,0.0
2245,12.697495686673632,0.38645467750763624
2246,8.414753503473008,0.0
2247,18.35847755664925,0.0
